longitude,latitude,elevation,slope,historical_water_occurrence,landcover_label,rain24h,rain72h,wind10m,flood_label,snapshot,target_utc,hours_to_landfall
81.61279696177844,14.571976465580613,-9999,-9999,-9999,0,-9999,-9999,-9999,-9999,T-48h,2023-12-03T08:00:00Z,48
81.6004002108576,16.374086757052787,13,3,-9999,1,8.00302505493164,10.670700311660767,7.085501455822026,-9999,T-48h,2023-12-03T08:00:00Z,48
79.10784479201116,14.61967700716736,113,2,-9999,0,17.251008987426758,17.251008987426758,3.2083296242124195,-9999,T-48h,2023-12-03T08:00:00Z,48
82.29354028408422,15.35647520320219,-9999,-9999,-9999,0,-9999,-9999,-9999,-9999,T-48h,2023-12-03T08:00:00Z,48
83.95578288581899,16.113215998544476,-9999,-9999,-9999,0,-9999,-9999,-9999,-9999,T-48h,2023-12-03T08:00:00Z,48
79.6853716881716,13.458424839386055,130,3,-9999,4,48.890438079833984,57.03884410858154,3.80033204842021,-9999,T-48h,2023-12-03T08:00:00Z,48
81.80764154690397,16.764853905644777,13,2,-9999,4,7.078586101531982,9.438114643096924,4.909306496888321,-9999,T-48h,2023-12-03T08:00:00Z,48
80.08530165266161,16.33824397721642,99,2,-9999,1,3.142343044281006,3.142343044281006,4.6070994403554,-9999,T-48h,2023-12-03T08:00:00Z,48
79.85838721189302,16.593994338605246,67,1,-9999,0,5.27898645401001,7.038648724555969,3.9199272860344614,-9999,T-48h,2023-12-03T08:00:00Z,48
81.12716771918343,16.42636870658854,8,2,-9999,4,7.617018699645996,7.617018699645996,6.751528471135407,-9999,T-48h,2023-12-03T08:00:00Z,48
80.47013992037841,16.287040006021602,21,4,-9999,6,6.522503852844238,8.696671724319458,5.130082060930582,-9999,T-48h,2023-12-03T08:00:00Z,48
81.10048775524508,16.149058778380844,4,8,48,0,15.47546100616455,15.47546100616455,8.181596830181656,-9999,T-48h,2023-12-03T08:00:00Z,48
78.80169894318323,15.369680437878749,417,4,-9999,0,8.000032424926758,8.000032424926758,4.660414451819952,-9999,T-48h,2023-12-03T08:00:00Z,48
78.67961789607139,13.452495958510866,724,2,-9999,0,9.25122356414795,18.5024471282959,3.4490517634783675,-9999,T-48h,2023-12-03T08:00:00Z,48
84.15709534099017,15.155432242616243,-9999,-9999,-9999,0,-9999,-9999,-9999,-9999,T-48h,2023-12-03T08:00:00Z,48
83.40601393193784,16.21050354381462,-9999,-9999,-9999,0,-9999,-9999,-9999,-9999,T-48h,2023-12-03T08:00:00Z,48
80.3941424473419,14.4922060683508,0,0,-9999,0,-9999,-9999,-9999,-9999,T-48h,2023-12-03T08:00:00Z,48
79.26711609188555,17.01117195655035,217,3,-9999,0,0,0,2.560516484821914,-9999,T-48h,2023-12-03T08:00:00Z,48
81.58207457906155,17.045936758045777,38,3,-9999,6,6.672845363616943,8.897127151489258,5.137596266398154,-9999,T-48h,2023-12-03T08:00:00Z,48
79.30673179591523,14.370664010409428,360,25,-9999,0,25.111963272094727,50.22392559051514,3.016254638952217,-9999,T-48h,2023-12-03T08:00:00Z,48
