SID,SEASON,NAME,ISO_TIME,LAT,LON,USA_WIND,USA_PRES
2023334N08088,2023,MICHAUNG,2023-11-30 06:00:00,7.5,88.0,15,1008
2023334N08088,2023,MICHAUNG,2023-11-30 09:00:00,7.9,87.6,15,1008
2023334N08088,2023,MICHAUNG,2023-11-30 12:00:00,8.2,87.2,15,1008
2023334N08088,2023,MICHAUNG,2023-11-30 15:00:00,8.3,86.8,15,1009
2023334N08088,2023,MICHAUNG,2023-11-30 18:00:00,8.4,86.4,15,1009
2023334N08088,2023,MICHAUNG,2023-11-30 21:00:00,8.5,86.0,15,1007
2023334N08088,2023,MICHAUNG,2023-12-01 00:00:00,8.8,85.8,15,1004
2023334N08088,2023,MICHAUNG,2023-12-01 03:00:00,9.0,85.6,15,1004
2023334N08088,2023,MICHAUNG,2023-12-01 06:00:00,9.2,85.4,15,1003
2023334N08088,2023,MICHAUNG,2023-12-01 09:00:00,9.5,85.3,18,1002
2023334N08088,2023,MICHAUNG,2023-12-01 12:00:00,9.7,85.1,20,1001
2023334N08088,2023,MICHAUNG,2023-12-01 15:00:00,9.8,85.0,23,1001
2023334N08088,2023,MICHAUNG,2023-12-01 18:00:00,9.9,84.8,25,1000
2023334N08088,2023,MICHAUNG,2023-12-01 21:00:00,9.9,84.5,25,1000
2023334N08088,2023,MICHAUNG,2023-12-02 00:00:00,10.1,84.1,25,999
2023334N08088,2023,MICHAUNG,2023-12-02 03:00:00,10.2,83.8,25,999
2023334N08088,2023,MICHAUNG,2023-12-02 06:00:00,10.3,83.6,25,998
2023334N08088,2023,MICHAUNG,2023-12-02 09:00:00,10.4,83.5,28,997
2023334N08088,2023,MICHAUNG,2023-12-02 12:00:00,10.5,83.5,30,996
2023334N08088,2023,MICHAUNG,2023-12-02 15:00:00,10.7,83.3,30,995
2023334N08088,2023,MICHAUNG,2023-12-02 18:00:00,10.8,83.1,30,994
2023334N08088,2023,MICHAUNG,2023-12-02 21:00:00,11.0,83.0,33,994
2023334N08088,2023,MICHAUNG,2023-12-03 00:00:00,11.3,82.9,35,993
2023334N08088,2023,MICHAUNG,2023-12-03 03:00:00,11.5,82.7,35,993
2023334N08088,2023,MICHAUNG,2023-12-03 06:00:00,11.9,82.5,35,993
2023334N08088,2023,MICHAUNG,2023-12-03 09:00:00,12.1,82.4,38,993
2023334N08088,2023,MICHAUNG,2023-12-03 12:00:00,12.3,82.3,40,992
2023334N08088,2023,MICHAUNG,2023-12-03 15:00:00,12.5,82.1,45,992
2023334N08088,2023,MICHAUNG,2023-12-03 18:00:00,12.8,81.8,50,991
2023334N08088,2023,MICHAUNG,2023-12-03 21:00:00,12.9,81.6,53,991
2023334N08088,2023,MICHAUNG,2023-12-04 00:00:00,13.1,81.4,55,990
2023334N08088,2023,MICHAUNG,2023-12-04 03:00:00,13.3,81.1,55,990
2023334N08088,2023,MICHAUNG,2023-12-04 06:00:00,13.5,80.9,55,989
2023334N08088,2023,MICHAUNG,2023-12-04 09:00:00,13.7,80.7,58,989
2023334N08088,2023,MICHAUNG,2023-12-04 12:00:00,14.0,80.6,60,988
2023334N08088,2023,MICHAUNG,2023-12-04 15:00:00,14.2,80.4,63,987
2023334N08088,2023,MICHAUNG,2023-12-04 18:00:00,14.4,80.3,65,985
2023334N08088,2023,MICHAUNG,2023-12-04 21:00:00,14.6,80.2,63,986
2023334N08088,2023,MICHAUNG,2023-12-05 00:00:00,14.9,80.1,60,987
2023334N08088,2023,MICHAUNG,2023-12-05 03:00:00,15.2,80.1,58,989
2023334N08088,2023,MICHAUNG,2023-12-05 06:00:00,15.6,80.2,55,991
2023334N08088,2023,MICHAUNG,2023-12-05 09:00:00,15.8,80.2,50,993
2023334N08088,2023,MICHAUNG,2023-12-05 12:00:00,16.0,80.2,45,994
2023334N08088,2023,MICHAUNG,2023-12-05 15:00:00,16.4,80.3,40,995
2023334N08088,2023,MICHAUNG,2023-12-05 18:00:00,16.9,80.4,35,996
2023334N08088,2023,MICHAUNG,2023-12-05 21:00:00,17.1,80.5,33,997
2023334N08088,2023,MICHAUNG,2023-12-06 00:00:00,17.3,80.6,30,997
2023334N08088,2023,MICHAUNG,2023-12-06 03:00:00,17.7,80.8,28,998
2023334N08088,2023,MICHAUNG,2023-12-06 06:00:00,18.3,81.1,25,999
